abbey,5
able,4
above,5
abs,3
abuse,5
accent,6
access,6
accord,6
acc,3
ace,3
acid,4
acne,4
acre,4
acting,6
action,6
active,6
actor,5
act,3
acute,5
addict,6
admin,5
adobe,5
ads,3
adult,5
advent,6
advice,6
aerial,6
affair,6
affect,6
afghan,6
agency,6
agenda,6
agent,5
age,3
agony,5
aide,4
aid,3
aim,3
airing,6
air,3
aisle,5
alarm,5
ala,3
albert,6
album,5
alec,4
alert,5
ale,3
alien,5
alley,5
allies,6
alloy,5
ally,4
all,3
almond,6
alpha,5
altar,5
alt,3
amazon,6
amber,5
ambush,6
amen,4
amino,5
amount,6
amp,3
analog,6
ana,3
anchor,6
and,3
angel,5
anger,5
angle,5
animal,6
anime,5
ankle,5
anna,4
annex,5
annual,6
ann,3
answer,6
anthem,6
anti,4
ant,3
apache,6
apex,4
apollo,6
appeal,6
apples,6
apple,5
approx,6
app,3
apr,3
arcade,6
archer,6
arch,4
arctic,6
arc,3
area,4
arena,5
are,3
ariel,5
ark,3
armor,5
armour,6
army,4
arm,3
array,5
arrest,6
arrow,5
arse,4
artery,6
artist,6
art,3
arte,5
ash,3
aside,5
aspect,6
asset,5
assign,6
assist,6
ass,3
asthma,6
asylum,6
atlas,5
atm,3
atom,4
attach,6
attack,6
attic,5
auburn,6
audio,5
audit,5
aug,3
aunt,4
aura,4
aurora,6
author,6
autism,6
auto,4
autumn,6
avail,5
avatar,6
avenue,6
award,5
away,4
awe,3
axe,3
axis,4
aye,3
baba,4
babe,4
baby,4
bach,4
backup,6
back,4
bacon,5
badge,5
bad,3
bag,3
bailey,6
bail,4
bait,4
bakery,6
baker,5
bake,4
baking,6
bale,4
ballet,6
ballot,6
ball,4
bamboo,6
banana,6
band,4
bang,4
banker,6
bank,4
banner,6
ban,3
barber,6
barge,5
barker,6
bark,4
barney,6
barn,4
baron,5
barred,6
barrel,6
barton,6
bar,3
bases,5
base,4
bash,4
basic,5
basil,5
basin,5
basis,5
basket,6
bass,4
batch,5
bath,4
batman,6
baton,5
batter,6
battle,6
bat,3
bay,3
beach,5
beacon,6
beam,4
bean,4
beard,5
bear,4
beast,5
beat,4
beauty,6
beau,4
beaver,6
beck,4
bed,3
beef,4
beer,4
beetle,6
bee,3
beg,3
behalf,6
behind,6
being,5
belief,6
belle,5
belly,5
bell,4
belt,4
bench,5
bend,4
benny,5
bent,4
ben,3
berlin,6
berry,5
best,4
beta,4
beth,4
better,6
betty,5
bet,3
beyond,6
bias,4
bid,3
bike,4
bikini,6
billy,5
bill,4
binary,6
bind,4
binge,5
bingo,5
bing,4
bin,3
birch,5
bird,4
birth,5
bishop,6
bitch,5
bite,4
bitter,6
bit,3
black,5
blade,5
blah,4
blame,5
blank,5
blast,5
blaze,5
bleach,6
bleed,5
blend,5
blind,5
blink,5
bliss,5
blitz,5
block,5
bloc,4
bloke,5
blonde,6
blond,5
blood,5
bloom,5
blow,4
blue,4
bluff,5
blur,4
blush,5
blvd,4
board,5
boast,5
boat,4
bobby,5
bob,3
body,4
boiler,6
boil,4
bold,4
bolt,4
bomber,6
bomb,4
bond,4
bone,4
bong,4
bonus,5
boogie,6
book,4
boom,4
boost,5
booth,5
boots,5
booty,5
boot,4
booze,5
border,6
bore,4
boring,6
borrow,6
boss,4
boston,6
bother,6
bottle,6
bottom,6
bot,3
bounce,6
bound,5
bounty,6
bout,4
bowel,5
bowl,4
bow,3
boxer,5
boxing,6
box,3
boy,3
bo”te,5
brace,5
brad,4
brain,5
brake,5
branch,6
brandy,6
brand,5
brass,5
brave,5
bravo,5
brawl,5
brazil,6
bra,3
breach,6
bread,5
break,5
breast,6
breath,6
breed,5
breeze,6
brent,5
brewer,6
brew,4
brian,5
bribe,5
brick,5
bridal,6
bride,5
bridge,6
brief,5
bright,6
brink,5
brit,4
broad,5
brock,5
broker,6
bronze,6
brook,5
bros,4
brown,5
browse,6
brow,4
bro,3
brush,5
bubble,6
bucket,6
buckle,6
buck,4
buddha,6
buddy,5
budget,6
bud,3
buffer,6
buffet,6
buff,4
bug,3
build,5
bulb,4
bulk,4
bullet,6
bully,5
bull,4
bumper,6
bump,4
bum,3
bunch,5
bundle,6
bunker,6
bunny,5
bun,3
burden,6
bureau,6
burger,6
burial,6
burner,6
burn,4
burst,5
burton,6
bush,4
bust,4
bus,3
butler,6
butter,6
button,6
butt,4
but,3
buyer,5
buy,3
buzz,4
bye,3
bypass,6
cabin,5
cable,5
cab,3
cache,5
cage,4
cain,4
cake,4
calf,4
calif,5
caller,6
call,4
calm,4
cal,3
camel,5
camera,6
came,4
campus,6
camp,4
cam,3
canal,5
cancel,6
cancer,6
candle,6
candy,5
cane,4
cannon,6
canoe,5
canon,5
canopy,6
canton,6
cant,4
canvas,6
canyon,6
can,3
cape,4
capita,6
caps,4
cap,3
carbon,6
cards,5
card,4
career,6
care,4
cargo,5
carl,4
carol,5
carpet,6
carrot,6
carry,5
cartel,6
carter,6
cart,4
car,3
casa,4
case,4
cash,4
casino,6
caste,5
castle,6
cast,4
casual,6
catch,5
cattle,6
cat,3
caucus,6
cause,5
cave,4
cavity,6
ca•que,6
ca–ada,6
ca–on,5
cease,5
cedar,5
cellar,6
cell,4
cement,6
census,6
center,6
centre,6
cent,4
cereal,6
chad,4
chain,5
chair,5
chalk,5
champ,5
chance,6
change,6
chant,5
chaos,5
chapel,6
chap,4
charge,6
charm,5
chart,5
chase,5
chat,4
cheap,5
cheat,5
check,5
cheek,5
cheer,5
cheese,6
chef,4
cherry,6
chess,5
chest,5
chevy,5
chew,4
chick,5
chic,4
chief,5
child,5
chile,5
chili,5
chill,5
china,5
chin,4
chip,4
chi,3
choice,6
choir,5
choke,5
chop,4
chord,5
chorus,6
chose,5
chrome,6
chuck,5
chunk,5
church,6
cider,5
cigar,5
cinema,6
circle,6
circus,6
citrus,6
city,4
claim,5
clan,4
clap,4
clash,5
class,5
clause,6
claw,4
clay,4
clean,5
clear,5
clergy,6
clerk,5
click,5
client,6
cliff,5
climax,6
climb,5
clinic,6
clip,4
cloak,5
clock,5
clone,5
closer,6
closet,6
close,5
cloth,5
cloud,5
clown,5
club,4
clue,4
clutch,6
coach,5
coal,4
coast,5
coat,4
cobb,4
cobra,5
coca,4
cock,4
cocoa,5
code,4
coding,6
cod,3
coffee,6
coffin,6
coil,4
coin,4
coke,4
cola,4
cold,4
cole,4
colin,5
collar,6
colony,6
colon,5
color,5
color,5
colour,6
colt,4
column,6
col,3
coma,4
combat,6
combo,5
comb,4
comedy,6
comes,5
comet,5
comic,5
coming,6
common,6
comp,4
com,3
condom,6
cone,4
congo,5
consul,6
cons,4
convoy,6
con,3
cookie,6
cook,4
cooler,6
cool,4
cooper,6
cope,4
coping,6
copper,6
copy,4
cop,3
coral,5
cord,4
core,4
cork,4
corner,6
corn,4
corpse,6
corps,5
corpus,6
corp,4
cortex,6
cosmos,6
costa,5
cost,4
cos,3
cotton,6
couch,5
cough,5
county,6
count,5
couple,6
coupon,6
coup,4
course,6
court,5
cousin,6
covers,6
covert,6
cover,5
cove,4
coward,6
cowboy,6
cow,3
cox,3
cozy,4
crab,4
crack,5
cradle,6
craft,5
crane,5
crank,5
crap,4
crash,5
crater,6
crawl,5
cream,5
credit,6
creed,5
creek,5
creep,5
crest,5
crew,4
crime,5
cringe,6
crisis,6
crisp,5
critic,6
crop,4
cross,5
crowd,5
crown,5
crow,4
crude,5
cruise,6
crunch,6
crush,5
crust,5
cry,3
cube,4
cubic,5
cue,3
cuff,4
cult,4
cunt,4
cup,3
curb,4
cure,4
curl,4
curry,5
curse,5
curved,6
curve,5
custom,6
cutter,6
cut,3
cycle,5
cyprus,6
daddy,5
dad,3
dagger,6
daily,5
dairy,5
daisy,5
dale,4
dalton,6
damage,6
dame,4
damn,4
damp,4
dam,3
dancer,6
dance,5
danger,6
danny,5
dan,3
dare,4
daring,6
dark,4
darn,4
dart,4
dash,4
data,4
date,4
dat,3
dawn,4
day,3
dead,4
dealer,6
deal,4
dean,4
dear,4
death,5
debate,6
debit,5
debris,6
debt,4
debut,5
decade,6
decay,5
deck,4
decree,6
dec,3
deed,4
deep,4
deer,4
dee,3
defeat,6
defect,6
def,3
degree,6
deity,5
delay,5
dell,4
delta,5
del,3
demand,6
demise,6
demon,5
demo,4
denial,6
denim,5
dental,6
dent,4
den,3
depot,5
depth,5
dept,4
deputy,6
derby,5
der,3
desert,6
design,6
desire,6
desk,4
detail,6
device,6
devil,5
dew,3
dexter,6
dial,4
diary,5
dick,4
diesel,6
dies,4
diet,4
die,3
digest,6
digit,5
dig,3
dime,4
ding,4
dinner,6
din,3
dip,3
dirt,4
dir,3
disco,5
disc,4
dish,4
disk,4
dis,3
ditch,5
dive,4
divide,6
divine,6
dock,4
doctor,6
doc,3
dodge,5
doe,3
dog,3
doing,5
dollar,6
dolly,5
doll,4
domain,6
dome,4
dom,3
dong,4
donkey,6
donna,5
donor,5
don,3
doom,4
door,4
dope,4
dorm,4
dosage,6
dose,4
dot,3
double,6
doubt,5
dough,5
dove,4
down,4
dozen,5
do–a,4
draft,5
dragon,6
drag,4
drain,5
drake,5
drama,5
drawer,6
draw,4
dread,5
dream,5
dress,5
drift,5
drill,5
drink,5
drip,4
driver,6
drive,5
drone,5
drop,4
drove,5
drug,4
drum,4
drunk,5
dryer,5
dry,3
dual,4
dub,3
duck,4
duct,4
dude,4
duel,4
due,3
dug,3
duke,4
dummy,5
dump,4
dunno,5
duo,3
dust,4
dutch,5
duty,4
dwarf,5
dwell,5
dye,3
eager,5
eagle,5
earl,4
earth,5
ear,3
ease,4
east,4
eating,6
echo,4
edge,4
editor,6
edit,4
eds,3
effect,6
effort,6
egg,3
ego,3
eighth,6
eighty,6
eight,5
elbow,5
elder,5
eleven,6
elf,3
elite,5
emblem,6
empire,6
employ,6
ending,6
end,3
enemy,5
energy,6
engine,6
eng,3
ensure,6
entire,6
entity,6
entry,5
envy,4
enzyme,6
epic,4
equal,5
equity,6
era,3
erica,5
eric,4
erotic,6
error,5
escape,6
escort,6
esp,3
essay,5
estate,6
esteem,6
est,3
etc,3
ethics,6
ethic,5
event,5
even,4
eve,3
evil,4
exam,4
excess,6
excuse,6
exempt,6
exile,5
exit,4
exodus,6
exotic,6
expert,6
export,6
expo,4
exp,3
extent,6
extra,5
eye,3
fabric,6
face,4
facial,6
facing,6
factor,6
fact,4
fade,4
fading,6
fail,4
faint,5
fairy,5
fair,4
faith,5
fake,4
falcon,6
fall,4
fame,4
family,6
famine,6
fam,3
fancy,5
fan,3
fare,4
farmer,6
farm,4
fart,4
far,3
fast,4
fate,4
father,6
fats,4
fatty,5
fat,3
fault,5
fauna,5
favor,5
favour,6
fear,4
feast,5
feat,4
fed,3
feed,4
feel,4
feet,4
fee,3
fellow,6
fell,4
felony,6
felt,4
female,6
fence,5
ferry,5
fetch,5
fetish,6
fetus,5
feud,4
fever,5
few,3
fiat,4
fiber,5
fibre,5
field,5
fifth,5
fifty,5
fight,5
figure,6
fig,3
file,4
fill,4
film,4
filter,6
finale,6
final,5
finch,5
find,4
fine,4
finger,6
finish,6
fin,3
fire,4
firing,6
firm,4
first,5
fiscal,6
fisher,6
fish,4
fist,4
fit,3
five,4
fixing,6
fix,3
flag,4
flair,5
flame,5
flank,5
flare,5
flash,5
flat,4
flavor,6
flaw,4
fleet,5
flesh,5
flew,4
flex,4
flick,5
flight,6
flint,5
flip,4
flirt,5
float,5
flock,5
flood,5
floor,5
flop,4
flora,5
flour,5
flower,6
flow,4
fluid,5
flush,5
flute,5
flux,4
flu,3
flyer,5
flying,6
fly,3
foam,4
focus,5
foe,3
fog,3
foil,4
folder,6
fold,4
folk,4
follow,6
fond,4
font,4
food,4
fool,4
foot,4
force,5
ford,4
forest,6
fore,4
forge,5
fork,4
formal,6
format,6
former,6
form,4
forty,5
fort,4
forum,5
fossil,6
foul,4
fourth,6
four,4
fowler,6
fox,3
frame,5
frank,5
fraud,5
freak,5
freeze,6
free,4
fresh,5
fridge,6
friend,6
fries,5
fringe,6
frog,4
front,5
frost,5
fruit,5
fry,3
fuel,4
fuller,6
full,4
fund,4
fungus,6
funk,4
funny,5
fun,3
fury,4
fur,3
fuse,4
fusion,6
fuss,4
future,6
gag,3
gain,4
galaxy,6
gala,4
gale,4
gallon,6
gal,3
gamble,6
gamer,5
game,4
gaming,6
gamma,5
gang,4
gap,3
garage,6
garden,6
garlic,6
garner,6
gas,3
gate,4
gather,6
gauge,5
gaze,4
gear,4
geek,4
gee,3
gel,3
gems,4
gem,3
gender,6
geneva,6
gene,4
genius,6
genome,6
genre,5
gentle,6
genus,5
gen,3
german,6
get,3
ghetto,6
ghost,5
giant,5
gift,4
gig,3
giles,5
gill,4
ginger,6
gin,3
girl,4
given,5
give,4
glad,4
glance,6
glass,5
glen,4
globe,5
gloria,6
glory,5
glove,5
glow,4
glue,4
gluten,6
goal,4
goat,4
god,3
goes,4
going,5
gold,4
golf,4
good,4
goose,5
gore,4
gospel,6
gossip,6
gov,3
gown,4
gps,3
grab,4
grace,5
grade,5
grad,4
graham,6
grains,6
grain,5
gram,4
grand,5
granny,6
grant,5
grapes,6
grape,5
graph,5
grasp,5
grass,5
gravel,6
grave,5
gray,4
grease,6
great,5
greed,5
green,5
greet,5
grey,4
grid,4
grief,5
grill,5
grind,5
grin,4
grip,4
groom,5
groove,6
gross,5
ground,6
group,5
grove,5
growth,6
guard,5
guess,5
guest,5
guide,5
guild,5
guilt,5
guinea,6
guitar,6
gulf,4
gum,3
guns,4
gun,3
guru,4
gut,3
guy,3
gym,3
habit,5
hacker,6
hack,4
hail,4
hair,4
half,4
hall,4
halo,4
halt,4
hamlet,6
hammer,6
ham,3
handle,6
hands,5
hand,4
hang,4
hank,4
harbor,6
harden,6
hardy,5
hard,4
hare,4
harm,4
harper,6
hart,4
hash,4
hassle,6
hatch,5
hate,4
hatred,6
hat,3
haul,4
haunt,5
haven,5
have,4
havoc,5
hawk,4
hay,3
hazard,6
hazel,5
header,6
head,4
health,6
heap,4
hearts,6
heart,5
heater,6
heath,5
heat,4
heaven,6
heavy,5
heck,4
hector,6
hedge,5
heel,4
height,6
heir,4
hello,5
hell,4
helmet,6
helm,4
help,4
henry,5
hen,3
herald,6
herb,4
herd,4
heroin,6
hero,4
hide,4
hiding,6
high,4
hike,4
hill,4
hindi,5
hind,4
hint,4
hip,3
hire,4
hitter,6
hit,3
hive,4
hoax,4
hobby,5
hockey,6
hogan,5
hog,3
holder,6
hold,4
hole,4
hollow,6
holly,5
holt,4
holy,4
homage,6
homer,5
home,4
homo,4
honda,5
honey,5
hong,4
honor,5
honor,5
honour,6
hon,3
hood,4
hooker,6
hook,4
hope,4
hop,3
horn,4
horror,6
horse,5
hose,4
host,4
hotel,5
hour,4
house,5
howe,4
how,3
hrs,3
hub,3
hug,3
hulk,4
hull,4
human,5
humor,5
humour,6
hum,3
hunger,6
hunter,6
hunt,4
hurry,5
hurt,4
hustle,6
hut,3
hybrid,6
hydro,5
hymn,4
hype,4
ice,3
icon,4
ideal,5
idea,4
idiot,5
idol,4
ill,3
image,5
imam,4
immune,6
impact,6
import,6
inch,4
income,6
inc,3
index,5
ind,3
infant,6
influx,6
info,4
injury,6
ink,3
inland,6
inmate,6
inner,5
inning,6
inn,3
input,5
insect,6
insert,6
inside,6
insult,6
ins,3
intake,6
intent,6
intern,6
intro,5
int,3
invite,6
ion,3
iris,4
irony,5
iron,4
island,6
isle,4
issue,5
item,4
ivory,5
ivy,3
jacket,6
jack,4
jade,4
jaguar,6
jail,4
jake,4
jam,3
jane,4
japan,5
jar,3
jasper,6
jaw,3
jay,3
jazz,4
jean,4
jeep,4
jelly,5
jenny,5
jen,3
jerk,4
jerry,5
jersey,6
jesse,5
jess,4
jet,3
jewel,5
jill,4
jimmy,5
jim,3
jin,3
job,3
jockey,6
joey,4
joe,3
johnny,6
john,4
joint,5
join,4
joker,5
joke,4
jordan,6
joseph,6
josh,4
joy,3
judge,5
juice,5
jumper,6
jump,4
jungle,6
junior,6
junk,4
jury,4
kaiser,6
kane,4
kang,4
karate,6
karma,5
kat‡r,5
kat,3
keen,4
keeper,6
keep,4
kelly,5
ken,3
kernel,6
kerry,5
kettle,6
key,3
khan,4
kick,4
kidney,6
kid,3
killer,6
kill,4
kind,4
king,4
kin,3
kirby,5
kirk,4
kiss,4
kite,4
kitten,6
kitty,5
kit,3
knee,4
knife,5
knight,6
knit,4
knives,6
knock,5
knot,4
known,5
know,4
kris,4
kyle,4
kylie,5
label,5
labor,5
labour,6
lab,3
lace,4
lack,4
ladder,6
ladies,6
lady,4
lad,3
lag,3
lake,4
lamb,4
lame,4
lamp,4
lance,5
land,4
lane,4
lap,3
large,5
larry,5
laser,5
last,4
latest,6
latino,6
laugh,5
launch,6
laura,5
laurel,6
lava,4
lawn,4
lawyer,6
law,3
layer,5
layout,6
lay,3
leader,6
lead,4
leaf,4
league,6
leak,4
lean,4
leap,4
lease,5
leaves,6
leave,5
lea,3
lee,3
left,4
legacy,6
legend,6
legion,6
legit,5
leg,3
lemon,5
lender,6
length,6
lens,4
leone,5
lesson,6
letter,6
let,3
level,5
lever,5
levy,4
lewis,5
lex,3
liar,4
lib,3
lick,4
lid,3
lied,4
lie,3
life,4
lift,4
light,5
like,4
liking,6
lily,4
limb,4
lime,4
limit,5
linen,5
liner,5
line,4
ling,4
lining,6
link,4
lin,3
lion,4
lip,3
liquid,6
liquor,6
list,4
litre,5
litter,6
lit,3
liver,5
lives,5
living,6
lizard,6
load,4
loan,4
lobby,5
local,5
locker,6
lock,4
lodge,5
loft,4
logan,5
logic,5
logos,5
logo,4
log,3
long,4
look,4
loop,4
loose,5
lord,4
lore,4
loser,5
loss,4
lotus,5
lot,3
louis,5
lounge,6
lovely,6
lover,5
love,4
lower,5
low,3
luck,4
lumber,6
lump,4
lunch,5
lung,4
lure,4
lush,4
lust,4
luxury,6
lyric,5
l‰t,3
mack,4
macro,5
mac,3
madame,6
madam,5
maggie,6
magic,5
magnet,6
mag,3
maiden,6
maid,4
mail,4
main,4
major,5
maker,5
makeup,6
make,4
making,6
male,4
mali,4
mall,4
mama,4
manage,6
mango,5
manner,6
manor,5
mantle,6
mantra,6
manual,6
many,4
man,3
maple,5
map,3
marble,6
marcel,6
march,5
marc,4
mare,4
margin,6
maria,5
marina,6
marine,6
marker,6
market,6
mark,4
marrow,6
marsh,5
martin,6
mart,4
marvel,6
mary,4
mar,3
mascot,6
mash,4
mask,4
mason,5
mass,4
mass,4
master,6
mast,4
mas,3
match,5
mate,4
maths,5
math,4
mating,6
matrix,6
matter,6
matte,5
matt,4
mat,3
max,3
maya,4
mayor,5
may,3
maze,4
meadow,6
meal,4
means,5
mean,4
meat,4
medal,5
median,6
media,5
medium,6
meet,4
meg,3
melody,6
melt,4
mel,3
member,6
memoir,6
memory,6
memo,4
menace,6
mentor,6
menu,4
men,3
mercy,5
mere,4
merger,6
merit,5
mesa,4
mesh,4
mess,4
metal,5
meta,4
meteor,6
meter,5
method,6
metre,5
metric,6
metro,5
mice,4
mickey,6
middle,6
midst,5
midway,6
mid,3
mighty,6
might,5
mike,4
mild,4
mile,4
milk,4
miller,6
mill,4
milo,4
mil,3
mind,4
miner,5
mine,4
mining,6
mini,4
minor,5
mint,4
minus,5
minute,6
min,3
mirror,6
misery,6
miss,4
mister,6
mist,4
misuse,6
mis,3
mixer,5
mix,3
mobile,6
mob,3
mock,4
model,5
modern,6
mode,4
module,6
mod,3
mold,4
mole,4
molly,5
moment,6
mommy,5
mom,3
mona,4
money,5
monkey,6
monk,4
mono,4
monte,5
month,5
mon,3
mood,4
moon,4
moose,5
morale,6
moral,5
moron,5
morse,5
mortal,6
mortar,6
mosaic,6
mosque,6
moss,4
motel,5
mother,6
moth,4
motion,6
motive,6
motor,5
motto,5
mound,5
mount,5
mouse,5
mouth,5
move,4
movie,5
mph,3
muddy,5
mud,3
mug,3
mummy,5
mum,3
murder,6
murphy,6
muscle,6
museum,6
muse,4
music,5
must,4
mutant,6
mute,4
mystic,6
myth,4
nail,4
naive,5
named,5
name,4
naming,6
nana,4
nancy,5
nanny,5
nap,3
narrow,6
nation,6
native,6
nature,6
nat,3
nausea,6
navy,4
near,4
neat,4
neck,4
needle,6
need,4
nelson,6
neon,4
nephew,6
nerve,5
ness,4
nest,4
net,3
news,4
newton,6
nexus,5
niche,5
nickel,6
nick,4
niece,5
night,5
ninety,6
nine,4
ninth,5
noble,5
nobody,6
node,4
nod,3
noise,5
none,4
noon,4
normal,6
norm,4
north,5
nose,4
nos,3
notch,5
note,4
notice,6
notion,6
noun,4
nova,4
novel,5
nov,3
now,3
nude,4
number,6
nun,3
nurse,5
nut,3
oak,3
oasis,5
oath,4
object,6
ocean,5
oct,3
odd,3
offer,5
office,6
offset,6
off,3
oil,3
okay,4
old,3
olive,5
omega,5
once,4
one,3
onion,5
onset,5
opener,6
open,4
opera,5
optics,6
optic,5
option,6
oracle,6
oral,4
orange,6
orbit,5
order,5
ore,3
organ,5
orgasm,6
origin,6
orphan,6
oscar,5
otto,4
ouch,4
ought,5
ounce,5
outer,5
outfit,6
outing,6
outlaw,6
outlet,6
output,6
out,3
oval,4
oven,4
over,4
owl,3
owner,5
oxford,6
oxide,5
oxygen,6
oyster,6
pace,4
packet,6
pack,4
pact,4
paddy,5
pad,3
pagan,5
page,4
paint,5
pain,4
pair,4
palace,6
pale,4
palmer,6
palm,4
pal,3
pam,3
panda,5
panel,5
panic,5
pan,3
papa,4
paper,5
parade,6
para,4
parcel,6
pardon,6
parent,6
parish,6
park,4
parody,6
parole,6
party,5
part,4
par,3
pass,4
pasta,5
paste,5
pastor,6
pastry,6
past,4
pas,3
patch,5
patent,6
path,4
patrol,6
patron,6
patty,5
pat,3
pause,5
pawn,4
payday,6
pay,3
peace,5
peach,5
peak,4
peanut,6
pearl,5
pea,3
pedal,5
pedro,5
peek,4
peel,4
peer,4
pee,3
pence,5
pencil,6
penis,5
penny,5
pen,3
people,6
pepper,6
pep,3
period,6
permit,6
perry,5
person,6
pest,4
peter,5
petrol,6
pet,3
phase,5
phil,4
phi,3
phone,5
photo,5
phrase,6
piano,5
pick,4
picnic,6
pic,3
piece,5
pier,4
pie,3
pigeon,6
pig,3
pike,4
pile,4
pillar,6
pillow,6
pill,4
pilot,5
pinch,5
pine,4
ping,4
pink,4
pint,4
pin,3
piper,5
pipe,4
piracy,6
pirate,6
piss,4
pistol,6
pitch,5
pity,4
pit,3
pivot,5
pixel,5
pizza,5
place,5
plague,6
plain,5
planet,6
plane,5
plant,5
plan,4
plaque,6
plasma,6
plate,5
player,6
play,4
plaza,5
plea,4
pledge,6
plenty,6
plot,4
plug,4
plum,4
plural,6
plus,4
pocket,6
podium,6
pod,3
poem,4
poetry,6
poet,4
point,5
poison,6
poker,5
poke,4
pole,4
police,6
policy,6
polish,6
poll,4
polo,4
poly,4
pond,4
pony,4
pool,4
poop,4
pope,4
poppy,5
pop,3
porch,5
pork,4
portal,6
porter,6
port,4
por,3
pose,4
poster,6
post,4
pos,3
potato,6
potter,6
pot,3
pound,5
pour,4
powder,6
power,5
ppl,3
praise,6
prank,5
prayer,6
prep,4
press,5
pres,4
pretty,6
prey,4
price,5
prick,5
pride,5
priest,6
primer,6
prime,5
prince,6
print,5
prior,5
prison,6
prize,5
probe,5
profit,6
prof,4
prompt,6
prom,4
proof,5
proper,6
prop,4
prose,5
pros,4
proxy,5
pro,3
psalm,5
psycho,6
public,6
pub,3
puck,4
puff,4
pull,4
pulp,4
pulse,5
pump,4
punch,5
punk,4
pun,3
pupil,5
puppet,6
puppy,5
pup,3
purge,5
purity,6
purple,6
purse,5
push,4
pussy,5
put,3
puzzle,6
python,6
p‰te,4
quad,4
quarry,6
quartz,6
queen,5
queer,5
query,5
quest,5
queue,5
quick,5
quiet,5
quiz,4
quota,5
quote,5
rabbit,6
rabbi,5
race,4
racing,6
racist,6
rack,4
radar,5
radio,5
radius,6
rad,3
rage,4
rag,3
raid,4
rail,4
rain,4
raise,5
raj,3
rally,5
ramp,4
ram,3
ranch,5
random,6
randy,5
rand,4
ranger,6
range,5
rank,4
ransom,6
rant,4
rape,4
rapist,6
rapper,6
rap,3
rash,4
rate,4
rating,6
ratio,5
rat,3
raven,5
rave,4
raw,3
ray,3
razor,5
reach,5
reader,6
ready,5
read,4
realm,5
real,4
rear,4
reason,6
rebel,5
recall,6
recess,6
recipe,6
record,6
rec,3
red,3
reed,4
reef,4
reel,4
refer,5
reform,6
refuge,6
refund,6
refuse,6
ref,3
regard,6
regime,6
regina,6
region,6
regret,6
reign,5
reject,6
relay,5
relief,6
remake,6
remark,6
remedy,6
remove,6
render,6
rental,6
rent,4
repair,6
repeal,6
repeat,6
replay,6
reply,5
report,6
rep,3
rescue,6
reset,5
resin,5
resist,6
resort,6
rest,4
result,6
res,3
retail,6
retro,5
return,6
reveal,6
review,6
revolt,6
rev,3
reward,6
rex,3
rhino,5
rhyme,5
rhythm,6
ribbon,6
rib,3
rice,4
rich,4
rick,4
rider,5
ride,4
ridge,5
riding,6
rifle,5
rift,4
rights,6
right,5
rig,3
rim,3
ring,4
riot,4
rip,3
rise,4
rising,6
risk,4
rita,4
rite,4
ritual,6
rival,5
river,5
road,4
roar,4
roast,5
robe,4
robin,5
robot,5
rocket,6
rock,4
rode,4
rod,3
rogue,5
role,4
roller,6
roll,4
roman,5
rom,3
roof,4
rookie,6
room,4
root,4
rope,4
rose,4
ross,4
roster,6
rotary,6
rot,3
rouge,5
rough,5
round,5
router,6
route,5
rover,5
row,3
royal,5
rubber,6
ruby,4
rub,3
rue,3
rugby,5
rug,3
ruin,4
ruler,5
rule,4
ruling,6
rum,3
runner,6
runoff,6
runway,6
rush,4
rust,4
ruth,4
rye,3
r™ti,4
sack,4
sac,3
saddle,6
safari,6
safety,6
safe,4
saga,4
sage,4
said,4
sailor,6
sail,4
saint,5
sake,4
salad,5
salary,6
sales,5
sale,4
sally,5
salmon,6
salon,5
salt,4
salute,6
sammy,5
sample,6
sand,4
sap,3
satire,6
sauce,5
savage,6
save,4
saving,6
savvy,5
sawyer,6
saw,3
saying,6
says,4
say,3
scale,5
scan,4
scare,5
scarf,5
scar,4
scene,5
scent,5
scheme,6
school,6
sci,3
scoop,5
scope,5
scored,6
scores,6
score,5
scotch,6
scout,5
scrap,5
scream,6
screen,6
screw,5
script,6
scroll,6
scrub,5
scum,4
seal,4
search,6
season,6
seat,4
sea,3
second,6
secret,6
sector,6
sect,4
sec,3
sedan,5
seed,4
seeing,6
see,3
self,4
seller,6
sell,4
semi,4
senate,6
send,4
senior,6
sense,5
sensor,6
sen,3
sept,4
sequel,6
serial,6
series,6
sermon,6
serum,5
server,6
serve,5
settle,6
setup,5
set,3
seven,5
sewage,6
sewer,5
sewing,6
sexism,6
sexist,6
sex,3
shade,5
shadow,6
shaft,5
shah,4
shake,5
shale,5
shame,5
shape,5
share,5
shark,5
sharp,5
shave,5
shaw,4
shed,4
sheep,5
sheer,5
sheet,5
sheila,6
shelf,5
shell,5
she,3
shield,6
shift,5
shine,5
shin,4
ship,4
shirt,5
shit,4
shock,5
shoe,4
shook,5
shoot,5
shop,4
shore,5
short,5
shot,4
shout,5
shovel,6
shove,5
shower,6
show,4
shrimp,6
shrine,6
shrink,6
shut,4
shy,3
sick,4
side,4
siege,5
sierra,6
sight,5
sigh,4
sigma,5
signal,6
sign,4
silent,6
silk,4
silly,5
silva,5
silver,6
simple,6
sim,3
singer,6
single,6
sing,4
sink,4
sin,3
sip,3
sir,3
sister,6
sis,3
sitcom,6
site,4
sixth,5
sixty,5
six,3
size,4
skate,5
sketch,6
skiing,6
skill,5
skin,4
skip,4
skirt,5
ski,3
skull,5
sky,3
slack,5
slam,4
slang,5
slap,4
slash,5
slate,5
slave,5
sleeps,6
sleep,5
sleeve,6
slice,5
slick,5
slide,5
slight,6
slip,4
slogan,6
slope,5
slot,4
slut,4
smack,5
small,5
smart,5
smash,5
smell,5
smile,5
smith,5
smoke,5
smooth,6
snack,5
snail,5
snake,5
snap,4
snatch,6
sneak,5
sniper,6
snow,4
soak,4
soap,4
soccer,6
social,6
socket,6
sock,4
soda,4
sodium,6
sofa,4
soft,4
soil,4
sole,4
solid,5
solo,4
sol,3
song,4
sonny,5
son,3
sore,4
sorrow,6
sort,4
soul,4
sound,5
soup,4
source,6
sour,4
south,5
soviet,6
sox,3
soy,3
space,5
span,4
spare,5
sparks,6
spark,5
spa,3
spear,5
spec,4
speech,6
speed,5
spell,5
sperm,5
sphere,6
spice,5
spider,6
spike,5
spill,5
spinal,6
spine,5
spin,4
spirit,6
spite,5
spit,4
splash,6
splits,6
split,5
spoil,5
spoke,5
sponge,6
spoon,5
sports,6
sport,5
spot,4
spouse,6
spray,5
spread,6
spree,5
spring,6
sprint,6
spur,4
spy,3
squad,5
square,6
squash,6
sri,3
stable,6
stab,4
stack,5
staff,5
stage,5
stain,5
stake,5
stall,5
stamp,5
stance,6
stand,5
staple,6
stare,5
start,5
star,4
stash,5
state,5
static,6
statue,6
status,6
stat,4
stay,4
steady,6
steak,5
steal,5
steam,5
steel,5
steep,5
steer,5
stein,5
stem,4
step,4
stereo,6
stern,5
sticky,6
stick,5
stiff,5
stigma,6
still,5
sting,5
stint,5
stir,4
stitch,6
stock,5
stokes,6
stole,5
stone,5
stool,5
stops,5
stop,4
storey,6
store,5
storm,5
story,5
stove,5
strain,6
strait,6
strand,6
strap,5
straw,5
stray,5
streak,6
stream,6
street,6
stress,6
strike,6
string,6
stripe,6
strip,5
stroke,6
stroll,6
studio,6
study,5
stud,4
stuff,5
stunt,5
style,5
subset,6
suburb,6
subway,6
sub,3
sucker,6
suck,4
sudden,6
sugar,5
suite,5
suit,4
sultan,6
summer,6
summit,6
sum,3
sunk,4
sunset,6
sun,3
super,5
supper,6
supply,6
sup,3
surf,4
surge,5
surrey,6
survey,6
sushi,5
swamp,5
swan,4
swap,4
sway,4
swear,5
sweat,5
sweep,5
sweet,5
swell,5
swift,5
swim,4
swing,5
swipe,5
switch,6
sword,5
symbol,6
sync,4
syntax,6
syrup,5
system,6
tablet,6
table,5
tab,3
tackle,6
taco,4
tactic,6
tad,3
tag,3
tailor,6
tail,4
taking,6
talent,6
tales,5
tale,4
talk,4
tally,5
tandem,6
tango,5
tang,4
tank,4
tanner,6
tan,3
tape,4
taps,4
tap,3
target,6
tar,3
task,4
taste,5
tattoo,6
tavern,6
taxi,4
tax,3
team,4
tear,4
tease,5
tea,3
tech,4
teddy,5
teen,4
teeth,5
tee,3
tell,4
temper,6
temple,6
tempo,5
temp,4
tenant,6
tender,6
tennis,6
tense,5
tenth,5
tent,4
tenure,6
ten,3
term,4
terror,6
terry,5
tesla,5
test,4
texas,5
text,4
theft,5
theme,5
then,4
theory,6
there,5
thesis,6
thick,5
thief,5
thigh,5
thing,5
think,5
third,5
thirst,6
thirty,6
thou,4
thread,6
threat,6
three,5
thrill,6
throat,6
throne,6
throw,5
thrust,6
thumb,5
ticket,6
tick,4
tier,4
tie,3
tiger,5
tile,4
till,4
tilt,4
til,3
timber,6
timer,5
time,4
timing,6
tinder,6
tin,3
tip,3
tire,4
tissue,6
titan,5
title,5
toast,5
toby,4
today,5
toe,3
toilet,6
token,5
toll,4
tomato,6
tomb,4
tommy,5
tom,3
tone,4
tongue,6
ton,3
tool,4
tooth,5
topic,5
tops,4
top,3
torch,5
tore,4
torque,6
tor,3
toss,4
total,5
touch,5
tough,5
tour,4
towel,5
tower,5
town,4
tow,3
toy,3
trace,5
track,5
tract,5
trader,6
trade,5
trail,5
train,5
trait,5
trans,5
trap,4
trash,5
trauma,6
travel,6
tray,4
tread,5
treaty,6
treat,5
tree,4
trek,4
trench,6
trend,5
trial,5
tribe,5
trick,5
trim,4
trio,4
triple,6
trip,4
troll,5
troop,5
trophy,6
trout,5
truce,5
truck,5
trump,5
trunk,5
trust,5
truth,5
try,3
tube,4
tub,3
tucker,6
tuck,4
tug,3
tumor,5
tuna,4
tune,4
tuning,6
tunnel,6
turbo,5
turf,4
turkey,6
turner,6
turn,4
turtle,6
tutor,5
twelve,6
twenty,6
twin,4
twist,5
twitch,6
two,3
tyler,5
type,4
tyre,4
ulster,6
ultra,5
uncle,5
union,5
unique,6
unite,5
unity,5
unit,4
uni,3
unrest,6
unseen,6
upbeat,6
update,6
upper,5
upset,5
upside,6
urge,4
urine,5
usage,5
useful,6
user,4
use,3
usher,5
usual,5
utmost,6
vacuum,6
vagina,6
vain,4
vale,4
valley,6
value,5
valve,5
vanity,6
van,3
vapor,5
var,3
vase,4
vast,4
vat,3
vault,5
vector,6
vegan,5
veil,4
vein,4
velvet,6
vendor,6
venom,5
vent,4
venue,5
verbal,6
verb,4
verge,5
verse,5
vessel,6
vest,4
veto,4
vet,3
vice,4
victim,6
victor,6
video,5
viewer,6
view,4
villa,5
vine,4
vinyl,5
viola,5
violet,6
violin,6
virgin,6
virtue,6
virus,5
visa,4
vision,6
visit,5
vista,5
visual,6
vital,5
vita,4
vocal,5
vodka,5
vogue,5
voice,5
void,4
volume,6
vomit,5
voter,5
vote,4
vow,3
voyage,6
wade,4
wage,4
wagon,5
waist,5
waiter,6
wait,4
waiver,6
wake,4
walker,6
walk,4
wallet,6
wall,4
walnut,6
wander,6
want,4
warden,6
ward,4
ware,4
warmer,6
warmth,6
warm,4
warner,6
warp,4
warren,6
warsaw,6
war,3
wash,4
waste,5
watch,5
water,5
watt,4
wave,4
wax,3
ways,4
way,3
wealth,6
weapon,6
wear,4
weaver,6
weber,5
web,3
wedge,5
weed,4
weekly,6
week,4
wee,3
weight,6
weigh,5
weird,5
weir,4
well,4
west,4
wet,3
whale,5
wheat,5
wheel,5
when,4
where,5
while,5
whip,4
whisky,6
white,5
whole,5
whore,5
why,3
wicket,6
wide,4
widow,5
width,5
wife,4
wig,3
wild,4
willow,6
willy,5
will,4
window,6
wind,4
wine,4
winger,6
wing,4
wink,4
winner,6
winter,6
win,3
wipe,4
wire,4
wiring,6
wisdom,6
wise,4
wish,4
witch,5
wit,3
wives,5
wizard,6
wolf,4
wolves,6
woman,5
womb,4
women,5
wonder,6
wont,4
won,3
wood,4
wool,4
word,4
worker,6
work,4
world,5
worms,5
worm,4
worry,5
worse,5
worst,5
worthy,6
worth,5
wound,5
wow,3
wrap,4
wrath,5
wreck,5
wright,6
wrist,5
writer,6
wrong,5
yacht,5
yahoo,5
yard,4
yarn,4
yearly,6
year,4
yeast,5
yellow,6
yell,4
yen,3
yes,3
yield,5
yoga,4
yogurt,6
young,5
youth,5
you,3
yrs,3
yuan,4
zack,4
zero,4
zinc,4
zip,3
zombie,6
zone,4
zoom,4
zoo,3
